ts,state,count_folders,count_files
2026-01-02 14:43:01,folder:create:/chess/,1,1
2026-01-02 14:43:06,file:create:/chess/chess.py,1,2
2026-01-02 14:44:23,file:write:/chess/chess.py,1,2
2026-01-02 14:44:26,file:create:/chess/board.py,1,3
2026-01-02 14:44:46,file:write:/chess/board.py,1,3
2026-01-02 14:44:49,file:create:/chess/pieces.py,1,4
2026-01-02 14:45:20,file:write:/chess/pieces.py,1,4
2026-01-02 14:45:24,folder:create:/chess/assets/,2,4
2026-01-02 14:45:27,file:create:/chess/requirements.txt,2,5
2026-01-02 14:45:30,file:write:/chess/requirements.txt,2,5
2026-01-02 14:45:33,file:create:/chess/README.md,2,6
2026-01-02 14:45:44,file:write:/chess/README.md,2,6
2026-01-02 14:45:48,git:init:/chess/,3,6
2026-01-02 14:45:51,git:remote_add:/chess/:origin,3,6
